epoch,step,train_loss
1,49,0.9619670510292053
3,99,0.8847569227218628
