epoch,step,train_loss
1,49,2.08646821975708
3,99,1.9081103801727295
