epoch,step,train_loss
1,49,0.6794742345809937
3,99,0.6496269106864929
